1	AGM
2	AGH
3	AGF
4	AGB
5	AGA
6	NYU
7	NYK
8	NYI
9	NYO
10	NYM
11	XBE
12	AGU
13	AGT
14	AGS
15	AGR
16	AGP
17	KYK
18	SRY
19	BWT
20	SPP
21	HEH
22	SPR
23	SPS
24	SPU
25	KYZ
26	SPN
27	BWI
28	SPB
29	SPC
30	SPD
31	BWN
32	IXJ
33	IXL
34	IXM
35	IXB
36	IXC
37	IXA
38	IXG
39	IXD
40	IXE
41	IXZ
42	BYO
43	NYT
44	IXR
45	IXS
46	KHV
47	BYC
48	IXU
49	MAQ
50	MAS
51	MAR
52	MAU
53	JNU
54	SNA
55	SNN
56	PQI
57	MAZ
58	PQM
59	CEZ
60	MAA
61	JNB
62	PQS
63	JNG
64	MAD
65	SNP
66	MAF
67	MAH
68	MAJ
69	MAM
70	JNN
71	MAO
72	MAN
73	BEJ
74	BEN
75	EVN
76	YBP
77	YBR
78	AGX
79	BEG
80	EVG
81	YBK
82	YBL
83	BES
84	YBC
85	BEW
86	BET
87	YBG
88	VLI
89	LSE
90	VLL
91	VLN
92	TTQ
93	VLD
94	TTU
95	SIN
96	VLY
97	TTJ
98	LST
99	TDX
100	TTN
101	LSP
102	PEW
103	TTA
104	TTE
105	VLV
106	GRV
107	GRW
108	GRU
109	GRR
110	GRP
111	GRQ
112	GRZ
113	GRX
114	GRB
115	HAQ
116	GRO
117	GRJ
118	GRK
119	GRI
120	TJA
121	HLZ
122	NOJ
123	TJM
124	NOB
125	NOC
126	TJQ
127	HLN
128	KKN
129	KKI
130	KKH
131	NOZ
132	KKJ
133	KKE
134	NOU
135	NOV
136	YYJ
137	KKA
138	KYA
139	KKC
140	KKB
141	CTU
142	CTS
143	CTG
144	CTA
145	CTC
146	CTL
147	CTM
148	VBY
149	BWA
150	WHK
151	TAG
152	MLN
153	SNO
154	EDA
155	MUX
156	RLK
157	ORY
158	ORV
159	TAH
160	RLG
161	ORU
162	LMT
163	EDO
164	EDL
165	ORN
166	KYU
167	ORH
168	ORI
169	ORF
170	LMA
171	ORD
172	LMC
173	ORB
174	DPS
175	UKX
176	UKS
177	MJF
178	UKK
179	WSX
180	DPO
181	GIS
182	DPL
183	UKB
184	UKA
185	ONJ
186	PDV
187	FVM
188	ONG
189	OND
190	IIL
191	ONQ
192	ONT
193	RZE
194	GIZ
195	RZR
196	CFN
197	MJT
198	PNZ
199	CFK
200	PNQ
201	PNP
202	PNS
203	CFE
204	CFB
205	CFC
206	BJV
207	PNI
208	PNH
209	PNK
210	DJB
211	PNL
212	PNA
213	CFU
214	CFR
215	PND
216	SXX
217	EAS
218	XQP
219	HKK
220	PRG
221	SAH
222	PRA
223	SAN
224	PRC
225	SAL
226	SNV
227	PRN
228	PRI
229	SAF
230	SAE
231	SAX
232	RSU
233	JOE
234	JOG
235	JOI
236	SAP
237	SAW
238	SAV
239	SAT
240	CHA
241	CHC
242	MRX
243	MRY
244	JAX
245	CHG
246	JAV
247	MRU
248	MRV
249	JAU
250	CHO
251	JAN
252	CHQ
253	JAL
254	CHS
255	CHU
256	JAI
257	CHX
258	MRE
259	MRA
260	ZIH
261	UYU
262	DBO
263	DBA
264	APW
265	APN
266	APO
267	APL
268	JNZ
269	DBQ
270	APF
271	UYL
272	UYN
273	YSK
274	YSJ
275	JNX
276	YSO
277	YSM
278	YSB
279	YSG
280	YSY
281	QOW
282	TKG
283	TKD
284	TKE
285	NLT
286	QOQ
287	SNW
288	ATZ
289	HMV
290	TKJ
291	TKK
292	NLA
293	HMO
294	NLD
295	NLG
296	HME
297	NLK
298	HMA
299	HMB
300	DLC
301	DLA
302	DLG
303	MAG
304	DLE
305	GCI
306	GCH
307	GCK
308	AHU
309	GCM
310	AFA
311	DLM
312	GCN
313	DGA
314	DLU
315	DLZ
316	DLY
317	BTU
318	BTT
319	BTV
320	SSY
321	NUX
322	BTS
323	BTR
324	AZD
325	SSR
326	XCR
327	SSH
328	BTC
329	SSJ
330	BTM
331	SSG
332	BTI
333	BTH
334	BTK
335	BTJ
336	YBX
337	NUS
338	WYA
339	HOE
340	PVA
341	RMP
342	RMQ
343	LNY
344	BEL
345	RMT
346	LNZ
347	ECN
348	LNV
349	ETR
350	BEB
351	RMA
352	RMF
353	LNK
354	ECP
355	LNE
356	JKH
357	RMI
358	LNB
359	BBO
360	BBN
361	KJA
362	BBK
363	SEA
364	BBI
365	JNS
366	EUG
367	YAP
368	BBA
369	EVE
370	YAM
371	EUX
372	YAK
373	SEN
374	YAG
375	YAA
376	QFX
377	YAC
378	YAB
379	TUP
380	TUR
381	TUS
382	TUU
383	NOS
384	EBL
385	BEY
386	TUL
387	TUN
388	TUO
389	TUA
390	TUB
391	TUC
392	TUF
393	TUG
394	CYS
395	CYP
396	POZ
397	FRE
398	CYZ
399	IMF
400	POR
401	POS
402	POP
403	CYB
404	POL
405	POM
406	POJ
407	EVV
408	FYU
409	POG
410	BEU
411	CYO
412	POA
413	FKI
414	FKL
415	VCE
416	FRO
417	FKB
418	VCL
419	VCP
420	VCS
421	VCT
422	CWL
423	CWA
424	FKQ
425	CWB
426	LSC
427	WKJ
428	QSF
429	HFS
430	LSA
431	VLC
432	IMT
433	PAP
434	CKD
435	CKG
436	PAS
437	PAT
438	PAV
439	CKB
440	PAZ
441	CKH
442	PDG
443	PAC
444	PAD
445	ZFN
446	PAF
447	PAG
448	PAH
449	TTT
450	CKY
451	CKX
452	CKZ
453	DCN
454	DCM
455	AWZ
456	MQF
457	MQH
458	MQJ
459	MQM
460	MQL
461	DCA
462	MQP
463	MQT
464	DCY
465	MQX
466	AWD
467	DRS
468	CCV
469	WEF
470	WEI
471	CCP
472	DQA
473	DRV
474	VLS
475	OIM
476	ITH
477	KBV
478	DHB
479	OIA
480	OIT
481	AEP
482	AES
483	AER
484	DMD
485	DME
486	AEY
487	AEX
488	DMK
489	DMM
490	GBT
491	AEB
492	DMU
493	BUZ
494	CBT
495	BUX
496	BUR
497	BUS
498	BUQ
499	BUW
500	BUN
501	FRD
502	BUL
503	BUC
504	BUA
505	BUF
506	BUD
507	PIH
508	PIK
509	XRY
510	KUH
511	PSJ
512	MOZ
513	PSO
514	JLR
515	PSC
516	MOQ
517	PSA
518	PSG
519	MOU
520	PSE
521	KYP
522	MOI
523	KGP
524	MOL
525	MOC
526	MOB
527	PSP
528	JLN
529	MOF
530	MOD
531	KMG
532	BCN
533	HND
534	BCD
535	HNH
536	HNM
537	HNL
538	KMI
539	MYT
540	HNS
541	SWJ
542	KMS
543	IOQ
544	KMQ
545	XKS
546	BCV
547	OSS
548	TVY
549	TVU
550	TVS
551	VRC
552	VRA
553	TVF
554	VRN
555	TVC
556	SRA
557	YRL
558	SRG
559	JZH
560	YRA
561	YRB
562	YRG
563	MYA
564	SRP
565	SRQ
566	SRV
567	SRZ
568	SRX
569	BPN
570	YRT
571	TDD
572	NME
573	NMA
574	YWB
575	LOD
576	LOE
577	LOK
578	LOH
579	CVU
580	LOS
581	LOP
582	CVM
583	CVG
584	KKR
585	QRO
586	QRW
587	TJU
588	WJU
589	WJR
590	HLH
591	TGP
592	HPH
593	HPN
594	HPB
595	WXN
596	HLD
597	EBA
598	EBB
599	ABV
600	NOP
601	PTG
602	EBH
603	WMI
604	EBJ
605	EBU
606	HLA
607	RJA
608	RJL
609	RJK
610	RJH
611	WDH
612	ZYL
613	DRW
614	ZYI
615	DRK
616	DRO
617	KWN
618	DRG
619	UIB
620	OHH
621	RVE
622	RVD
623	RVK
624	OHE
625	IOT
626	IOS
627	RVN
628	UIO
629	UIN
630	UIP
631	IOM
632	RVV
633	RVT
634	FWA
635	IOA
636	BNX
637	RXS
638	CXR
639	CXB
640	CXF
641	CXH
642	CXI
643	CXJ
644	VBV
645	YFA
646	GOM
647	ZKE
648	IZA
649	KNQ
650	XSB
651	XSC
652	FJR
653	GOH
654	SCM
655	SCL
656	SCO
657	SCN
658	PTJ
659	SCK
660	PTH
661	SCE
662	GOJ
663	MNT
664	SCC
665	JMU
666	NAQ
667	JMK
668	SCY
669	PTY
670	SCZ
671	SCU
672	SCT
673	PTU
674	SCQ
675	MLH
676	PTP
677	CJJ
678	CJL
679	CJM
680	CJB
681	CJC
682	CJA
683	ZGU
684	PBZ
685	PBD
686	PBG
687	PBC
688	PBM
689	CJS
690	PBO
691	PBI
692	PBH
693	CJU
694	MPA
695	MPN
696	MPL
697	MPM
698	AVP
699	MPH
700	AVL
701	AVN
702	MPP
703	AVA
704	SUG
705	SUF
706	SUB
707	YQK
708	YQD
709	YQG
710	YQF
711	SUK
712	SUJ
713	YQC
714	YQB
715	SUV
716	YQY
717	YQX
718	AJA
719	YQU
720	YQT
721	YQQ
722	SUX
723	NBX
724	TEN
725	FCA
726	NBS
727	TEB
728	TEE
729	NBO
730	NBC
731	PJG
732	TER
733	TET
734	GJT
735	NBE
736	DND
737	ADU
738	GMO
739	ADQ
740	GMB
741	GMA
742	LFR
743	ADZ
744	DNH
745	DNK
746	ADF
747	TKS
748	ADD
749	ADE
750	ADB
751	ADA
752	GMR
753	ADL
754	GMP
755	ADK
756	DNZ
757	KZR
758	KZS
759	BRW
760	BRU
761	BRS
762	BRR
763	BRQ
764	TKP
765	BRO
766	JPA
767	BRM
768	BRL
769	XEQ
770	BRI
771	BRE
772	BRD
773	KZN
774	KZO
775	BRA
776	TWB
777	TWF
778	JDZ
779	YIF
780	TWU
781	RKV
782	EAM
783	RKS
784	ATM
785	BJZ
786	EAE
787	RKD
788	RKA
789	CKS
790	EAR
791	EAU
792	EAT
793	HOF
794	HOG
795	ESU
796	KLG
797	HOB
798	HON
799	KLN
800	HOM
801	HOI
802	HOV
803	KLU
804	HOT
805	HOU
806	ESC
807	ESB
808	KLR
809	ESM
810	ESL
811	KLX
812	JPR
813	VST
814	UII
815	YGL
816	YGK
817	YGJ
818	YGH
819	YGW
820	VSA
821	VEE
822	YGR
823	YGP
824	YGZ
825	YGX
826	MNS
827	RYK
828	BGA
829	RYG
830	EOI
831	EOH
832	MYW
833	LTI
834	MNL
835	VAK
836	LHE
837	VAI
838	VAN
839	VAO
840	VAA
841	TIH
842	LHW
843	LHR
844	MNA
845	VAR
846	ORZ
847	FIH
848	EXI
849	SCW
850	WUS
851	ORX
852	WUZ
853	WUX
854	EXT
855	LMP
856	WUA
857	WUH
858	CMN
859	EDI
860	ZDY
861	CMI
862	CMH
863	PCR
864	CME
865	CMB
866	CMA
867	PCL
868	CMX
869	CMW
870	CMU
871	CMP
872	EDR
873	UVE
874	UVF
875	LMM
876	ZVK
877	ZGS
878	LKE
879	LMN
880	ORK
881	DSN
882	DSM
883	WGP
884	BNB
885	DSA
886	INZ
887	INU
888	INV
889	OKA
890	OKC
891	INH
892	IND
893	OKJ
894	OKL
895	INB
896	INC
897	GLH
898	DOK
899	AKY
900	AKX
901	KDI
902	DOL
903	DOM
904	DOB
905	GLA
906	AKP
907	SSB
908	AKV
909	GLF
910	AKK
911	AKJ
912	AKI
913	DOY
914	AKN
915	AKL
916	AKB
917	GLT
918	AKF
919	GLV
920	DOU
921	XFN
922	BSR
923	BSS
924	BSL
925	BSO
926	BSK
927	BSD
928	BSG
929	BSA
930	BSB
931	BSC
932	AUA
933	AUC
934	AUG
935	AUH
936	AUK
937	XTG
938	AUS
939	AUR
940	AUU
941	TCR
942	AUY
943	AUX
944	PUM
945	SBP
946	MMY
947	SBW
948	PUJ
949	SBZ
950	PUE
951	PUF
952	SBY
953	CAI
954	PUB
955	BQB
956	JJN
957	MMO
958	SBA
959	PUY
960	MMK
961	MMJ
962	MME
963	PUU
964	SBH
965	PUW
966	SBN
967	PUQ
968	JJA
969	PUS
970	BAV
971	KOK
972	KOJ
973	KOO
974	BAQ
975	KOA
976	KOC
977	BAZ
978	BNY
979	ERZ
980	BAY
981	ERF
982	KOZ
983	ERC
984	ERL
985	KOP
986	ERN
987	FMI
988	KOT
989	KOW
990	KOV
991	KNH
992	YFB
993	YFC
994	YFO
995	VPY
996	YFJ
997	PQC
998	YFS
999	KND
1000	YPR
1001	STG
1002	YPW
1003	STC
1004	STL
1005	STM
1006	YPX
1007	YPY
1008	STI
1009	GPA
1010	STT
1011	YPC
1012	STV
1013	STW
1014	VXC
1015	STR
1016	STS
1017	YPJ
1018	YPH
1019	STX
1020	YPO
1021	STZ
1022	YPM
1023	KLV
1024	TFN
1025	TFI
1026	TFF
1027	NCU
1028	NCL
1029	KTG
1030	NCE
1031	TFS
1032	YQM
1033	LIF
1034	FNT
1035	YQL
1036	LIL
1037	LIM
1038	LIN
1039	LIH
1040	VFA
1041	LIT
1042	FNC
1043	FNA
1044	LIS
1045	FNJ
1046	FNI
1047	HAS
1048	KNS
1049	BNE
1050	WTK
1051	WTL
1052	ACI
1053	TPE
1054	ACH
1055	TPA
1056	OUZ
1057	HRM
1058	HRL
1059	HRO
1060	QBC
1061	HRI
1062	TPQ
1063	TPP
1064	HRE
1065	HRG
1066	HRB
1067	KUO
1068	KAA
1069	KAE
1070	KUN
1071	MRD
1072	KAJ
1073	HJR
1074	KAO
1075	KAN
1076	KAL
1077	RHI
1078	NIB
1079	KAW
1080	PGX
1081	RHO
1082	KIR
1083	KAZ
1084	RHD
1085	SUR
1086	MAB
1087	YQZ
1088	HFA
1089	YEG
1090	ACZ
1091	KUD
1092	RTA
1093	RTB
1094	RTM
1095	UGB
1096	RTW
1097	YQR
1098	ENA
1099	RFP
1100	ENE
1101	ENH
1102	BKG
1103	ENU
1104	RFD
1105	ENY
1106	YES
1107	OXB
1108	CZX
1109	YER
1110	CZS
1111	CZU
1112	CZJ
1113	CZH
1114	CZL
1115	CZM
1116	KID
1117	CZE
1118	ATD
1119	ATC
1120	ATA
1121	ATL
1122	ISP
1123	ATK
1124	ATH
1125	IST
1126	ATW
1127	ATT
1128	ISN
1129	ATQ
1130	ISC
1131	ISB
1132	ISA
1133	YXU
1134	ISG
1135	ISE
1136	ATY
1137	PVR
1138	PVU
1139	LAM
1140	SEZ
1141	JKR
1142	JKL
1143	PVC
1144	PVE
1145	PVD
1146	PVG
1147	PVH
1148	PVK
1149	JKG
1150	CLL
1151	CLM
1152	FRA
1153	CLO
1154	CLJ
1155	PDX
1156	CLD
1157	CLE
1158	PDT
1159	PDS
1160	PDP
1161	FRS
1162	IMP
1163	PDL
1164	FRW
1165	CLY
1166	FRU
1167	TEQ
1168	CLT
1169	CLV
1170	CLQ
1171	PDA
1172	KZB
1173	ZEL
1174	ZEM
1175	UUD
1176	UUA
1177	URY
1178	JYV
1179	GOV
1180	PNR
1181	YWP
1182	SWA
1183	OMO
1184	BPL
1185	SWF
1186	YWG
1187	KCO
1188	BPS
1189	BPT
1190	BPX
1191	YWL
1192	YWK
1193	YWJ
1194	YWH
1195	TGR
1196	GYE
1197	GYD
1198	GYA
1199	TGU
1200	TGZ
1201	GYN
1202	TGC
1203	GYS
1204	TGG
1205	TGD
1206	TGJ
1207	TGK
1208	TGH
1209	TGI
1210	TGO
1211	TGM
1212	MLB
1213	DHN
1214	DHM
1215	MLA
1216	GOI
1217	MLG
1218	DHI
1219	MLE
1220	AJR
1221	MLI
1222	GOA
1223	MLO
1224	MLL
1225	MLM
1226	UDJ
1227	AJL
1228	MLW
1229	MLU
1230	GOU
1231	GOT
1232	MLX
1233	MLY
1234	GOQ
1235	GOP
1236	AJF
1237	NRK
1238	UDI
1239	NRN
1240	NRL
1241	NRA
1242	ASE
1243	CFS
1244	XGR
1245	NRT
1246	MII
1247	LYB
1248	TQA
1249	JHW
1250	TQL
1251	DNR
1252	UUS
1253	TQI
1254	ISU
1255	MIM
1256	LDS
1257	HSG
1258	RIX
1259	RIY
1260	RIW
1261	HSN
1262	HSL
1263	HSV
1264	RIG
1265	RIB
1266	RIC
1267	RIA
1268	HAH
1269	HAJ
1270	XIC
1271	HAM
1272	HAN
1273	GDQ
1274	BNS
1275	KNG
1276	EQS
1277	HAC
1278	HAD
1279	BNK
1280	BNI
1281	BNN
1282	KNX
1283	BNC
1284	XIY
1285	BNA
1286	KNU
1287	HAU
1288	HAV
1289	BND
1290	SYB
1291	YEK
1292	LXS
1293	MEC
1294	SYD
1295	VQS
1296	SYO
1297	SYM
1298	LXG
1299	SYR
1300	SYQ
1301	LXA
1302	SYZ
1303	SYY
1304	SYX
1305	YEV
1306	EMD
1307	RGS
1308	EMA
1309	EMK
1310	RGA
1311	LPL
1312	JFR
1313	RGI
1314	RGK
1315	RGL
1316	RGN
1317	LDB
1318	LDE
1319	BRN
1320	LDH
1321	LIG
1322	LDU
1323	LDY
1324	YKA
1325	VGO
1326	YKG
1327	YKF
1328	FOR
1329	LJA
1330	VGA
1331	LJG
1332	YKL
1333	YKS
1334	FOE
1335	YKQ
1336	JOS
1337	YKM
1338	VGZ
1339	FOC
1340	FON
1341	LJU
1342	WWT
1343	KZI
1344	WWP
1345	BRC
1346	LPI
1347	SAB
1348	WWK
1349	COQ
1350	ILG
1351	COS
1352	FSC
1353	COU
1354	YKU
1355	PEZ
1356	PET
1357	ILO
1358	YKT
1359	FSM
1360	PER
1361	PES
1362	FSP
1363	PEM
1364	PEN
1365	YNO
1366	ILR
1367	PEI
1368	ILP
1369	PEK
1370	PED
1371	PEE
1372	COK
1373	PEG
1374	COO
1375	ILY
1376	ZBF
1377	AGN
1378	ZBL
1379	ZBR
1380	ZTH
1381	WAG
1382	WAE
1383	WAA
1384	ZTB
1385	WAW
1386	RNO
1387	WAT
1388	RUH
1389	RUN
1390	UFA
1391	RUA
1392	RUR
1393	RUS
1394	RUT
1395	LWO
1396	DIL
1397	MKE
1398	JHB
1399	GNV
1400	JHG
1401	GNU
1402	AIU
1403	AIT
1404	MKM
1405	GNY
1406	MKK
1407	DIB
1408	MKW
1409	YNT
1410	JHS
1411	AIN
1412	DIY
1413	GND
1414	MKP
1415	DIU
1416	DIW
1417	AIA
1418	DIR
1419	GNM
1420	NSH
1421	NSI
1422	NSK
1423	MRZ
1424	NSN
1425	WMN
1426	VDS
1427	NSQ
1428	NST
1429	IRZ
1430	SPI
1431	IRP
1432	UTH
1433	UTN
1434	FKS
1435	UTS
1436	IRJ
1437	IRK
1438	UTT
1439	IRA
1440	MRS
1441	HBA
1442	IRG
1443	SDU
1444	SDV
1445	SDP
1446	SDQ
1447	SDR
1448	ZIG
1449	SDY
1450	SDD
1451	JRO
1452	SDF
1453	SDG
1454	SDL
1455	SDN
1456	PWM
1457	SDJ
1458	SDK
1459	GEV
1460	NAG
1461	KQT
1462	HBE
1463	NAH
1464	BOS
1465	NAN
1466	NAO
1467	BOH
1468	NAS
1469	NAP
1470	COR
1471	NAV
1472	BOM
1473	BON
1474	BOO
1475	FSD
1476	BOB
1477	BOC
1478	BOD
1479	BOG
1480	SXB
1481	LYP
1482	SXF
1483	LYS
1484	YDF
1485	SXI
1486	SXK
1487	SXM
1488	JAC
1489	SXP
1490	SXR
1491	LYG
1492	LYA
1493	VVI
1494	LYC
1495	PEU
1496	VVC
1497	LYI
1498	YDP
1499	YDQ
1500	SVO
1501	SVL
1502	ILM
1503	YVP
1504	YVQ
1505	YVR
1506	SVI
1507	BQN
1508	SVG
1509	SVD
1510	SVB
1511	BQK
1512	YVZ
1513	SVA
1514	SVZ
1515	BQS
1516	SVX
1517	YVM
1518	YVO
1519	SVR
1520	SVS
1521	SVP
1522	SVQ
1523	GXF
1524	UMD
1525	GXH
1526	IPH
1527	COD
1528	LKN
1529	LKO
1530	LKL
1531	LKH
1532	LKG
1533	FLS
1534	FLR
1535	LKB
1536	HOD
1537	FLW
1538	VDA
1539	VDC
1540	VDB
1541	VDE
1542	FLL
1543	FLO
1544	FLN
1545	FLA
1546	VDH
1547	VDM
1548	FSZ
1549	FLG
1550	PYH
1551	SFL
1552	KLL
1553	WVB
1554	PEC
1555	GMZ
1556	TRI
1557	TRK
1558	KLO
1559	TRO
1560	TRN
1561	TRC
1562	TRE
1563	TRD
1564	TRG
1565	TRF
1566	TRZ
1567	TRS
1568	TRR
1569	TRU
1570	TRW
1571	TRV
1572	KCG
1573	KCA
1574	HTA
1575	KCM
1576	CGR
1577	LIR
1578	HBX
1579	KCH
1580	KCK
1581	KCT
1582	KLW
1583	HTS
1584	HOR
1585	DBV
1586	HTY
1587	KCZ
1588	UTP
1589	HDS
1590	ZUH
1591	ZUM
1592	ODY
1593	UEO
1594	RRG
1595	ODS
1596	ODN
1597	ODO
1598	UET
1599	RRS
1600	RDU
1601	ELH
1602	RDV
1603	ELL
1604	ELM
1605	ELC
1606	ELF
1607	ELG
1608	ELD
1609	RDZ
1610	RDD
1611	RDC
1612	RDM
1613	ELS
1614	ELP
1615	ELQ
1616	ELV
1617	ELU
1618	FBS
1619	KSE
1620	LEB
1621	LEC
1622	LED
1623	OZC
1624	HDF
1625	LEH
1626	LEI
1627	LEJ
1628	LEN
1629	LEQ
1630	LET
1631	NKI
1632	LEX
1633	OZZ
1634	FBM
1635	AZI
1636	AZN
1637	AZO
1638	IQT
1639	USM
1640	IQQ
1641	BKM
1642	USH
1643	USU
1644	UST
1645	AZR
1646	AZS
1647	KSO
1648	SGY
1649	KHZ
1650	YGV
1651	SGU
1652	PXU
1653	YGT
1654	PXO
1655	PXM
1656	SGN
1657	SGC
1658	PPQ
1659	MKL
1660	SGD
1661	SGG
1662	SGF
1663	ICI
1664	CNS
1665	CNP
1666	FPO
1667	CNX
1668	CNY
1669	CNF
1670	CND
1671	BMA
1672	CNM
1673	CNJ
1674	ICT
1675	PFB
1676	ZCL
1677	ZCO
1678	PFO
1679	HHN
1680	PFQ
1681	DXB
1682	YUY
1683	YUX
1684	SZA
1685	SIT
1686	YUS
1687	YUT
1688	SIC
1689	YUM
1690	YUL
1691	SID
1692	YUB
1693	YUD
1694	TAP
1695	TAS
1696	TAY
1697	TAE
1698	TKU
1699	TAB
1700	TAC
1701	TAL
1702	TAM
1703	TAO
1704	QFN
1705	TAI
1706	TAK
1707	MJD
1708	GIU
1709	WLS
1710	JIB
1711	JIC
1712	MJM
1713	MJN
1714	JIM
1715	JIJ
1716	JIK
1717	GIG
1718	MJU
1719	MJV
1720	JIU
1721	DJE
1722	GIB
1723	DJG
1724	JIQ
1725	DJJ
1726	MJZ
1727	TUI
1728	AHB
1729	ZQN
1730	BMY
1731	PLQ
1732	AHE
1733	NPE
1734	AHN
1735	AHO
1736	SVJ
1737	TKX
1738	OER
1739	TSN
1740	AFL
1741	GUA
1742	TSJ
1743	TSH
1744	TSF
1745	GUC
1746	TSE
1747	GCC
1748	GUM
1749	TSA
1750	GUR
1751	GUW
1752	TSV
1753	YTZ
1754	TST
1755	TSR
1756	KBL
1757	KBC
1758	HUN
1759	SHW
1760	HUH
1761	HUI
1762	HUU
1763	HUS
1764	KBR
1765	KBP
1766	HUX
1767	HUY
1768	KBU
1769	HCR
1770	XKH
1771	DLH
1772	KPV
1773	BLZ
1774	BLV
1775	BLQ
1776	BLR
1777	BLL
1778	KPB
1779	BLI
1780	BLK
1781	BLJ
1782	BLE
1783	BLD
1784	YTQ
1785	BLA
1786	KPN
1787	KPO
1788	LZY
1789	YTL
1790	LZH
1791	PBJ
1792	LZO
1793	LZC
1794	EKO
1795	MKG
1796	REX
1797	AFZ
1798	RES
1799	REP
1800	DIN
1801	RET
1802	REU
1803	REN
1804	REL
1805	REC
1806	EKS
1807	REG
1808	DIJ
1809	OUL
1810	LFM
1811	OUA
1812	DIK
1813	OUD
1814	LFT
1815	LFW
1816	HGN
1817	DIE
1818	FCO
1819	YIE
1820	DIG
1821	VER
1822	YIC
1823	MGB
1824	JHM
1825	YIO
1826	YIN
1827	YIH
1828	YIK
1829	FMN
1830	FMO
1831	YIW
1832	FMM
1833	LTD
1834	VEL
1835	LTO
1836	LTN
1837	FMA
1838	QUW
1839	QUV
1840	AJU
1841	QUB
1842	XCH
1843	QUO
1844	CAY
1845	MKQ
1846	IBA
1847	CAP
1848	CAW
1849	IBE
1850	CAK
1851	CAJ
1852	IBZ
1853	CAH
1854	CAN
1855	GHT
1856	CAL
1857	CAC
1858	CAB
1859	IBR
1860	CAG
1861	CAE
1862	PGF
1863	TBI
1864	PGD
1865	BXB
1866	PGA
1867	DYU
1868	PGK
1869	DYR
1870	PGV
1871	PGU
1872	MKY
1873	BAL
1874	DYG
1875	BWK
1876	MGT
1877	NDU
1878	SNE
1879	ZRJ
1880	ZRH
1881	UDR
1882	AJI
1883	RSH
1884	OGX
1885	OGZ
1886	RSD
1887	SSA
1888	RSA
1889	OGS
1890	KXU
1891	OGM
1892	OGL
1893	TBG
1894	RST
1895	OGD
1896	OGG
1897	RSW
1898	ESD
1899	JFK
1900	XUZ
1901	SOJ
1902	DKR
1903	ZNE
1904	LUQ
1905	MIA
1906	MID
1907	MIG
1908	PPN
1909	GHE
1910	GHA
1911	GHB
1912	VAS
1913	ZNZ
1914	MIS
1915	MIR
1916	AOG
1917	GAO
1918	AOE
1919	NQU
1920	AOO
1921	NQY
1922	AOK
1923	AOJ
1924	AOI
1925	VAW
1926	PPP
1927	AOS
1928	AOR
1929	AOQ
1930	PPW
1931	WRY
1932	NQN
1933	PPV
1934	URE
1935	URG
1936	URA
1937	URC
1938	URJ
1939	URT
1940	MBT
1941	URS
1942	AYT
1943	AYQ
1944	AYP
1945	PYY
1946	IPA
1947	SFT
1948	IPI
1949	IPN
1950	IPL
1951	SFN
1952	SFO
1953	PYJ
1954	SFJ
1955	IPT
1956	SFG
1957	PYC
1958	SFB
1959	SFA
1960	KSU
1961	NGE
1962	KSQ
1963	NGB
1964	NGO
1965	KSY
1966	HDY
1967	NGK
1968	HDG
1969	KSD
1970	KSF
1971	KSA
1972	NGQ
1973	KSC
1974	NGS
1975	KSM
1976	HDN
1977	HDM
1978	KSN
1979	KSH
1980	KSJ
1981	YZP
1982	YZR
1983	YZS
1984	YZT
1985	YZV
1986	BME
1987	SZB
1988	YZY
1989	YZZ
1990	BMI
1991	SZG
1992	SZE
1993	SZZ
1994	SZX
1995	BMV
1996	BMW
1997	YZF
1998	YZG
1999	YHU
2000	SHP
2001	SHR
2002	JTY
2003	OVD
2004	SHV
2005	YTY
2006	SHX
2007	YTS
2008	JTR
2009	SHA
2010	SHB
2011	SHC
2012	SHD
2013	SHE
2014	YTH
2015	SHG
2016	SHH
2017	SHJ
2018	YTE
2019	SHL
2020	SHM
2021	JTC
2022	GZO
2023	MGA
2024	TBZ
2025	MGF
2026	NPL
2027	TBP
2028	TBS
2029	MGH
2030	TBU
2031	TBT
2032	MGM
2033	LAQ
2034	MGS
2035	MGQ
2036	MGW
2037	TBN
2038	MGZ
2039	GZT
2040	TBB
2041	GZP
2042	YHK
2043	LUR
2044	YHI
2045	YHO
2046	LUV
2047	LUW
2048	LUX
2049	LUZ
2050	YHD
2051	YHZ
2052	YHY
2053	LUD
2054	LNS
2055	LUG
2056	LUH
2057	YHP
2058	LUK
2059	LUM
2060	LUN
2061	LUO
2062	IRC
2063	CMG
2064	MTE
2065	TLS
2066	VTE
2067	TLV
2068	GTF
2069	TLT
2070	LNJ
2071	GTO
2072	TLC
2073	TLA
2074	BMU
2075	TLE
2076	TLJ
2077	VTZ
2078	TLN
2079	TLM
2080	TLL
2081	KEM
2082	KEJ
2083	HVN
2084	KEF
2085	PWQ
2086	HVD
2087	HVG
2088	IPC
2089	HVR
2090	KER
2091	KEP
2092	WBQ
2093	ZSE
2094	KQA
2095	EUN
2096	WBB
2097	ZSA
2098	YAY
2099	WBM
2100	ZSJ
2101	GTE
2102	UCT
2103	SDE
2104	ILD
2105	PWE
2106	YAT
2107	EJH
2108	RBY
2109	RBV
2110	RBR
2111	RBQ
2112	ARI
2113	RBA
2114	OTH
2115	LGK
2116	LGI
2117	LGL
2118	LGB
2119	LGA
2120	OTD
2121	GTR
2122	OTZ
2123	OTP
2124	LGP
2125	LGQ
2126	LGW
2127	DZA
2128	AXP
2129	AXT
2130	BOY
2131	DZN
2132	AXA
2133	AXD
2134	AXK
2135	AXM
2136	TLH
2137	PZU
2138	IWK
2139	IWJ
2140	GCW
2141	NAJ
2142	PZO
2143	PZI
2144	PZH
2145	PZB
2146	IAM
2147	IAO
2148	IAN
2149	IAH
2150	IAD
2151	IAG
2152	IAA
2153	IAS
2154	IAR
2155	MZT
2156	MZV
2157	ZAM
2158	PHO
2159	MZR
2160	PHL
2161	PHC
2162	ZAG
2163	ZAD
2164	PHF
2165	PHE
2166	PHX
2167	ZAZ
2168	MZL
2169	BYN
2170	ZAT
2171	MZH
2172	NAW
2173	SKU
2174	SKT
2175	HVB
2176	SKP
2177	SKX
2178	SKZ
2179	SKE
2180	SKD
2181	SKG
2182	XFW
2183	SKB
2184	WGA
2185	SKO
2186	SKN
2187	SKK
2188	JUB
2189	NAY
2190	TCZ
2191	MFE
2192	GET
2193	JUJ
2194	JUK
2195	TCT
2196	GST
2197	MFM
2198	JUL
2199	TCQ
2200	TCO
2201	MFR
2202	TUK
2203	GEG
2204	MFU
2205	JUU
2206	JUZ
2207	TCG
2208	TCD
2209	TCB
2210	GEL
2211	MHK
2212	JGN
2213	JGA
2214	MHD
2215	JGD
2216	MHC
2217	KEW
2218	GKK
2219	ZOS
2220	GKA
2221	MHT
2222	JGS
2223	DDG
2224	MHQ
2225	FTA
2226	ANF
2227	NVT
2228	LYR
2229	ANC
2230	ANM
2231	ANI
2232	UIH
2233	ANU
2234	ANV
2235	CIP
2236	ANR
2237	ANS
2238	ANX
2239	NVI
2240	DSK
2241	TMP
2242	GWD
2243	TMR
2244	MEA
2245	TMT
2246	TMU
2247	TMW
2248	GWL
2249	NNB
2250	GWT
2251	TMC
2252	TME
2253	VUP
2254	TMI
2255	TMJ
2256	SXO
2257	TML
2258	TMM
2259	JOL
2260	NJC
2261	VVO
2262	KDO
2263	KDH
2264	NJF
2265	KHI
2266	ILI
2267	KDU
2268	KDV
2269	HET
2270	PJM
2271	XMN
2272	NDJ
2273	XMH
2274	NNY
2275	HER
2276	KRR
2277	KRS
2278	KRP
2279	NDB
2280	KRT
2281	NDY
2282	KRK
2283	KRN
2284	HEA
2285	KRL
2286	HEL
2287	LTX
2288	NDR
2289	KRF
2290	HEK
2291	YYU
2292	YYT
2293	YYQ
2294	BJB
2295	BJA
2296	YYR
2297	LYH
2298	BJM
2299	BJL
2300	YYY
2301	BJI
2302	YYZ
2303	YYE
2304	YYD
2305	YYG
2306	YYF
2307	BJR
2308	YYC
2309	YYB
2310	YYH
2311	BJX
2312	HYA
2313	EIS
2314	HYD
2315	RCY
2316	HYG
2317	HYL
2318	HYN
2319	WSN
2320	RCM
2321	SOQ
2322	RCH
2323	RCE
2324	WSZ
2325	MNG
2326	RCB
2327	EIN
2328	INL
2329	FAY
2330	FAR
2331	FAV
2332	INN
2333	FAT
2334	OWB
2335	FAI
2336	FAO
2337	PBU
2338	BQL
2339	FAE
2340	YOL
2341	YOJ
2342	YOG
2343	VKT
2344	SVC
2345	XMS
2346	RPR
2347	VKO
2348	YOW
2349	LVI
2350	YOP
2351	OAG
2352	CYX
2353	YVB
2354	CCU
2355	OAL
2356	OAK
2357	OAJ
2358	CCS
2359	CCM
2360	GLK
2361	CCK
2362	CCJ
2363	CCF
2364	CCC
2365	OAX
2366	MYY
2367	SON
2368	SVU
2369	GLN
2370	PIN
2371	MYQ
2372	PIA
2373	PIB
2374	MYR
2375	MYU
2376	PIE
2377	HNA
2378	PIX
2379	PIZ
2380	MYJ
2381	PIP
2382	PIR
2383	PIS
2384	PIT
2385	MYD
2386	MYG
2387	CYF
2388	WMX
2389	WMR
2390	POI
2391	KOI
2392	WMO
2393	AKU
2394	ZPB
2395	BVV
2396	UBP
2397	BOI
2398	UBA
2399	UBJ
2400	JDO
2401	JDH
2402	VCA
2403	MWZ
2404	DOH
2405	MWX
2406	ZLT
2407	MWA
2408	DEL
2409	MWF
2410	DEN
2411	BZN
2412	DEA
2413	DEB
2414	DEC
2415	DED
2416	DEE
2417	DEF
2418	GJA
2419	AMH
2420	AMM
2421	AMA
2422	AMD
2423	AMQ
2424	AMS
2425	NWI
2426	UPN
2427	UPK
2428	MDK
2429	UPG
2430	EJA
2431	IVC
2432	IVL
2433	ACC
2434	ACA
2435	KUZ
2436	ACE
2437	ACK
2438	KUV
2439	KUU
2440	KUT
2441	KUS
2442	HFT
2443	MDG
2444	XNA
2445	ACR
2446	KUL
2447	KUK
2448	ACV
2449	ACU
2450	ACT
2451	NEV
2452	KUF
2453	ACY
2454	ACX
2455	HFE
2456	KUA
2457	XNN
2458	JST
2459	YXX
2460	YXY
2461	BKC
2462	YXS
2463	YXP
2464	BKO
2465	BKI
2466	YXT
2467	BKK
2468	YXJ
2469	YXH
2470	BKW
2471	YXN
2472	BKQ
2473	YXL
2474	BKS
2475	YXC
2476	BKY
2477	BKZ
2478	YXE
2479	SJZ
2480	BJF
2481	KTE
2482	VDZ
2483	SJP
2484	SJW
2485	SJT
2486	SJU
2487	SJJ
2488	SJK
2489	SJI
2490	SJO
2491	SJL
2492	SJC
2493	SJD
2494	SJE
2495	MEE
2496	MED
2497	MEG
2498	GDT
2499	GDV
2500	MEB
2501	MEM
2502	MEL
2503	GDZ
2504	MEI
2505	MEH
2506	MDW
2507	MEU
2508	GDE
2509	YJT
2510	GDL
2511	MEX
2512	GDN
2513	MVP
2514	LWY
2515	YNJ
2516	LWS
2517	YNG
2518	YNA
2519	YNB
2520	LGG
2521	VHM
2522	LWN
2523	YNY
2524	YNZ
2525	LWB
2526	YNP
2527	VHC
2528	YNS
2529	TXN
2530	TXL
2531	TXK
2532	AVV
2533	KOE
2534	TNW
2535	TNR
2536	GVA
2537	YAX
2538	TNG
2539	TNA
2540	TNC
2541	GVR
2542	TNO
2543	TNN
2544	TNK
2545	TNJ
2546	KGQ
2547	AUQ
2548	KGS
2549	NKC
2550	KGT
2551	NKG
2552	KGX
2553	NKM
2554	EZS
2555	KGA
2556	KGC
2557	KGE
2558	KGD
2559	KGF
2560	KGI
2561	EZE
2562	HHH
2563	KGL
2564	CPH
2565	AXR
2566	OSR
2567	ZQZ
2568	CPO
2569	ZQW
2570	CPC
2571	CPD
2572	CPE
2573	CPX
2574	WLK
2575	SVK
2576	OSW
2577	CPR
2578	CPT
2579	CPV
2580	WLG
2581	LLK
2582	UAQ
2583	UAP
2584	UAS
2585	AXU
2586	UAH
2587	UAK
2588	THX
2589	WRG
2590	WRE
2591	NTX
2592	WRO
2593	WRL
2594	HZH
2595	LLA
2596	MMX
2597	OVS
2598	LAN
2599	LAO
2600	LAI
2601	LAD
2602	LAE
2603	OSD
2604	OVB
2605	NTQ
2606	LAX
2607	LAZ
2608	LAU
2609	LAW
2610	LAP
2611	JJU
2612	LAR
2613	LAS
2614	PUG
2615	YNC
2616	ZFM
2617	DTM
2618	DTW
2619	IUI
2620	KOS
2621	PBL
2622	BDB
2623	IUE
2624	EWB
2625	MMH
2626	IGU
2627	FTU
2628	IGR
2629	NTN
2630	IGG
2631	IGD
2632	FTE
2633	IGA
2634	IGM
2635	CBB
2636	MXZ
2637	MXX
2638	MXV
2639	CBH
2640	PJA
2641	CBO
2642	MXP
2643	CBR
2644	CBS
2645	MXL
2646	CBQ
2647	MXH
2648	YCO
2649	MMB
2650	BZV
2651	BZR
2652	SMX
2653	SMS
2654	SMR
2655	BZG
2656	BZE
2657	SML
2658	SMK
2659	SMI
2660	YCB
2661	BZO
2662	SMF
2663	BZL
2664	SMA
2665	GGT
2666	GGW
2667	MDL
2668	MDC
2669	ERS
2670	JSH
2671	JSI
2672	MDE
2673	MDZ
2674	JSU
2675	GGG
2676	JSR
2677	MDQ
2678	JSY
2679	MDT
2680	MDU
2681	JER
2682	MVR
2683	MVT
2684	MVY
2685	DFW
2686	MVD
2687	JEG
2688	JED
2689	PSS
2690	ZMT
2691	ALO
2692	KCC
2693	ALH
2694	ALF
2695	ALG
2696	ALB
2697	ALC
2698	ALA
2699	NTL
2700	HTN
2701	ALW
2702	NTE
2703	ALS
2704	NTG
2705	TOY
2706	CHY
2707	TOS
2708	KRY
2709	LSI
2710	TOU
2711	TOH
2712	HTI
2713	TOL
2714	ERM
2715	TOB
2716	TOF
2717	TOG
2718	TOE
2719	HIR
2720	KFS
2721	KFP
2722	ERI
2723	HIA
2724	HIB
2725	NHV
2726	HID
2727	BAH
2728	XBJ
2729	KCQ
2730	HIJ
2731	HIN
2732	ABA
2733	ABB
2734	ABD
2735	ABE
2736	KTT
2737	ABI
2738	ABJ
2739	KTW
2740	ABL
2741	ABM
2742	KTS
2743	KTL
2744	KTM
2745	KTN
2746	ABS
2747	ABT
2748	HGH
2749	ABX
2750	ABY
2751	ABZ
2752	NZH
2753	KTA
2754	KTB
2755	HGA
2756	BHI
2757	DUS
2758	BHK
2759	BHJ
2760	BHM
2761	VPS
2762	BHO
2763	BHB
2764	BHE
2765	BHD
2766	BHY
2767	BHX
2768	BHQ
2769	BHS
2770	BHR
2771	BHU
2772	BHV
2773	EGX
2774	EGS
2775	YFH
2776	EGO
2777	EGN
2778	EGM
2779	EGC
2780	EGE
2781	VPE
2782	LBS
2783	MZG
2784	LBU
2785	LBV
2786	RAO
2787	RAJ
2788	RAK
2789	RAH
2790	RAI
2791	LBA
2792	LBC
2793	LBB
2794	RAR
2795	LBD
2796	RAP
2797	LBF
2798	LBJ
2799	LBL
2800	YMT
2801	LPY
2802	BFD
2803	BFJ
2804	EYK
2805	LPT
2806	LPS
2807	ZAL
2808	LPQ
2809	BFL
2810	BFS
2811	EYP
2812	BFQ
2813	MZW
2814	BFV
2815	EYW
2816	LPD
2817	YMM
2818	LPB
2819	LPA
2820	YMN
2821	TYN
2822	ZAH
2823	VIE
2824	VIJ
2825	TYF
2826	VII
2827	VIN
2828	VIL
2829	VIS
2830	PHB
2831	VIX
2832	TYR
2833	TYS
2834	STD
2835	FUT
2836	OCC
2837	FUG
2838	FUE
2839	FUN
2840	FUO
2841	IFN
2842	IFO
2843	FUJ
2844	FUK
2845	IFJ
2846	CEG
2847	CEE
2848	CED
2849	CEC
2850	CEB
2851	PKU
2852	PKZ
2853	CEN
2854	CEM
2855	PKY
2856	CEK
2857	CEI
2858	PKB
2859	PKC
2860	PKA
2861	SZI
2862	PKE
2863	DLI
2864	PKN
2865	STN
2866	HGU
2867	CSH
2868	CSK
2869	UEL
2870	HGR
2871	CSG
2872	CGK
2873	PHS
2874	CSY
2875	CSX
2876	GIL
2877	HMI
2878	EPR
2879	JXA
2880	PMR
2881	ABQ
2882	PHW
2883	ABR
2884	GDX
2885	BAX
2886	MUW
2887	JBR
2888	JBQ
2889	MUR
2890	DMB
2891	PMY
2892	MUE
2893	GBE
2894	MUA
2895	MUC
2896	MUB
2897	GBB
2898	MUN
2899	MUK
2900	AET
2901	ASR
2902	ASP
2903	ASW
2904	ASV
2905	ASU
2906	YPN
2907	DGO
2908	NUP
2909	ASB
2910	NUL
2911	ASF
2912	DGT
2913	NUI
2914	SNU
2915	ASJ
2916	NUE
2917	ASO
2918	ASM
2919	LXR
2920	DUJ
2921	BHH
2922	DUB
2923	DUD
2924	UNG
2925	YPL
2926	DUR
2927	UNK
2928	DUT
2929	UNN
2930	ITO
2931	OMA
2932	ITM
2933	OME
2934	OMD
2935	OMH
2936	ITB
2937	LSY
2938	OMS
2939	OMR
2940	AAE
2941	AAL
2942	AAN
2943	AAT
2944	ELI
2945	AAQ
2946	AAR
2947	AAY
2948	AAX
2949	KWA
2950	BIO
2951	BIL
2952	BIM
2953	KWE
2954	BIK
2955	WLH
2956	KWF
2957	KWI
2958	MQN
2959	KWK
2960	KWJ
2961	KWM
2962	KWL
2963	BIA
2964	KWT
2965	BIR
2966	BIS
2967	BIQ
2968	GES
2969	SLX
2970	SLY
2971	SLZ
2972	SLU
2973	SLW
2974	SLP
2975	SLQ
2976	IZO
2977	SLL
2978	SLM
2979	SLN
2980	SLH
2981	SLI
2982	SLK
2983	SLA
2984	SLC
2985	MCO
2986	MCN
2987	MCM
2988	MCK
2989	MCI
2990	MCG
2991	MCE
2992	GFK
2993	MSW
2994	GFN
2995	MCZ
2996	MCY
2997	MCX
2998	MCV
2999	MCT
3000	GFF
3001	JUH
3002	MCP
3003	YLW
3004	BGF
3005	BGG
3006	BGI
3007	BGM
3008	BGO
3009	LQM
3010	BGR
3011	YLE
3012	YLC
3013	BGW
3014	BGY
3015	YLL
3016	YLH
3017	GLO
3018	PRH
3019	RDN
3020	VNO
3021	TZX
3022	GEA
3023	TZA
3024	VNS
3025	NAT
3026	JUV
3027	TZL
3028	VNX
3029	VXO
3030	GPI
3031	LEA
3032	VXE
3033	THU
3034	THS
3035	THR
3036	GPB
3037	THN
3038	THL
3039	GPT
3040	THE
3041	THD
3042	BOJ
3043	GPS
3044	QJH
3045	KIX
3046	NIM
3047	KIS
3048	GEO
3049	KIV
3050	KIT
3051	YHM
3052	KIJ
3053	KIH
3054	KIN
3055	KIM
3056	NYA
3057	NIQ
3058	KIF
3059	HJJ
3060	CRP
3061	FDE
3062	CRW
3063	FDF
3064	FDH
3065	USN
3066	CRA
3067	OZH
3068	CRD
3069	CRK
3070	CRI
3071	CRL
3072	CRM
3073	WNA
3074	MHH
3075	WNH
3076	WNN
3077	WNR
3078	WNP
3079	MHG
3080	WNZ
3081	LBP
3082	RAE
3083	EFL
3084	RAB
3085	PIU
3086	LCR
3087	RNN
3088	OPS
3089	RNB
3090	RNA
3091	LCX
3092	LCY
3093	LCG
3094	LCE
3095	LCA
3096	RNS
3097	OPO
3098	LCK
3099	LCH
3100	DVO
3101	KET
3102	UME
3103	DDC
3104	MSZ
3105	IKS
3106	OLA
3107	OLB
3108	OLC
3109	OLF
3110	IKT
3111	OLH
3112	OLL
3113	OLP
3114	ZHY
3115	IKA
3116	IKE
3117	AZA
3118	LBE
3119	IKI
3120	IKO
3121	RAS
3122	OBO
3123	MST
3124	PQQ
3125	USK
3126	IEV
3127	XIL
3128	ANG
3129	OBY
3130	OBU
3131	PLW
3132	MSO
3133	PLU
3134	CDG
3135	PLS
3136	CDB
3137	CDC
3138	PSM
3139	PLZ
3140	CDJ
3141	PLX
3142	CDV
3143	IQN
3144	CDR
3145	PLO
3146	PLN
3147	PLM
3148	PLJ
3149	BXR
3150	BXU
3151	MOV
3152	MOT
3153	BFF
3154	MBL
3155	PPB
3156	SOC
3157	PPG
3158	MBI
3159	MBJ
3160	SOF
3161	PPK
3162	MBE
3163	GAU
3164	JQE
3165	SOM
3166	MBA
3167	JQA
3168	PPS
3169	GAN
3170	GAM
3171	GAL
3172	SOU
3173	GAJ
3174	SOW
3175	PPT
3176	SOY
3177	GAF
3178	GAE
3179	BFI
3180	MBS
3181	MTY
3182	NVA
3183	MTR
3184	MTS
3185	ZKG
3186	MTV
3187	MTT
3188	BFN
3189	MTJ
3190	PSR
3191	JCB
3192	MTM
3193	LPP
3194	JCK
3195	ART
3196	ARU
3197	ARW
3198	NVK
3199	TBW
3200	LPM
3201	ARC
3202	ARH
3203	TPS
3204	ARK
3205	ARM
3206	ARN
3207	GSP
3208	HRK
3209	TIZ
3210	TIU
3211	TIV
3212	TIP
3213	KME
3214	TIR
3215	TIM
3216	TMS
3217	GSE
3218	TIJ
3219	TID
3220	TIF
3221	GSM
3222	TIA
3223	GSO
3224	BCI
3225	KHY
3226	NNM
3227	NNG
3228	KHQ
3229	KHS
3230	AQG
3231	HKT
3232	KHH
3233	ETZ
3234	HKN
3235	YMO
3236	KHN
3237	HKB
3238	NNT
3239	KHD
3240	HKG
3241	HKD
3242	KHG
3243	HAK
3244	SGO
3245	XAP
3246	KMJ
3247	VIG
3248	BVS
3249	KVG
3250	KVD
3251	NER
3252	KVC
3253	KVA
3254	SQS
3255	AQI
3256	KVL
3257	KAD
3258	KVK
3259	YHR
3260	BVC
3261	BVB
3262	BVA
3263	BVG
3264	BVE
3265	VKG
3266	BVI
3267	BVH
3268	KVX
3269	VUS
3270	EEK
3271	ETH
3272	SOG
3273	ICN
3274	OSY
3275	ROI
3276	ROK
3277	ROO
3278	ROA
3279	ROB
3280	ROC
3281	LLW
3282	OST
3283	LLU
3284	OSI
3285	LLI
3286	OSM
3287	OSL
3288	ROP
3289	LLB
3290	ROR
3291	ROS
3292	ROT
3293	LLF
3294	ROV
3295	ROW
3296	YCY
3297	BDA
3298	EWN
3299	KDM
3300	YCS
3301	BDL
3302	BDO
3303	KAT
3304	BDH
3305	YCU
3306	BDJ
3307	BDU
3308	BDQ
3309	BDP
3310	BDS
3311	YCL
3312	EWR
3313	RNL
3314	YCG
3315	YCD
3316	SIP
3317	VOG
3318	LRE
3319	LRD
3320	ZLO
3321	DWC
3322	VOL
3323	LRH
3324	LRM
3325	LRS
3326	LRR
3327	LRT
3328	HAA
3329	VOZ
3330	ULO
3331	QFG
3332	IDR
3333	IDA
3334	CGI
3335	CGH
3336	PMV
3337	PMW
3338	CGM
3339	CGO
3340	CGN
3341	CGA
3342	CGB
3343	CGD
3344	PMZ
3345	CGY
3346	PMF
3347	PMC
3348	CGQ
3349	CGP
3350	PMO
3351	PMI
3352	FEG
3353	CUU
3354	CUR
3355	CUQ
3356	FEN
3357	CUZ
3358	CUF
3359	CUE
3360	CUC
3361	CUN
3362	CUM
3363	CUL
3364	FEZ
3365	KPR
3366	WIC
3367	WIN
3368	WIL
3369	CIC
3370	MMU
3371	CIA
3372	CIF
3373	MSY
3374	CID
3375	CIK
3376	CIJ
3377	MSU
3378	CIH
3379	MSS
3380	MSR
3381	MSQ
3382	MSP
3383	ZHA
3384	MSN
3385	MSL
3386	MSJ
3387	CIU
3388	CIT
3389	CIZ
3390	CIY
3391	CIX
3392	MSA
3393	DAD
3394	AQP
3395	DAB
3396	DAC
3397	DAL
3398	SRE
3399	DAT
3400	DAU
3401	DAV
3402	AQA
3403	DAR
3404	SRK
3405	DAX
3406	DAY
3407	AQJ
3408	ULZ
3409	PKR
3410	CUK
3411	ULP
3412	KCL
3413	ULV
3414	ULK
3415	ULH
3416	ULN
3417	NDG
3418	DWD
3419	ULB
3420	ULG
3421	OOL
3422	OOK
3423	UGC
3424	IJK
3425	KRO
